{"shape": [5, 5, 5, 4, 5, 15, 15], "power_axis": [1.0, 10.0, 100.0, 300.0, 1000.0], "cost_axis": [0.01, 0.03, 0.1, 0.3, 1.0], "rate_axis": [0.0, 0.05, 0.1, 0.15, 0.2], "life_axis": [10.0, 25.0, 50.0, 100.0], "DD_values": [0.0625, 0.125, 0.25, 0.5, 1.0, 2.0, 4.0, 8.0, 16.0, 32.0, 64.0, 128.0, 256.0, 512.0, 1024.0], "CPY_values": [1.0, 1.93069772888325, 3.72759372031494, 7.196856730011519, 13.894954943731374, 26.826957952797247, 51.7947467923121, 100.0, 193.06977288832496, 372.7593720314938, 719.6856730011514, 1389.4954943731375, 2682.6957952797247, 5179.474679231207, 10000.0], "techs": ["Hydrogen", "Pumped Hydro", "Li-Ion", "Compressed Air", "Flywheel"], "colors": ["#2ca02c", "#1f77b4", "#d62728", "#e377c2", "#9467bd"]}